0x08000000	arm	start_vector
0x080000C0	arm	crt0_entry
0x080099D0	thumb	mode_battle_0
0x0800A4BC	thumb	mode_battle_1
0x0800A5A4	thumb	mode_battle_2
0x0800A608	thumb	mode_chkbtl_0
0x0800A774	thumb	mode_chkbtl_1
0x0800AB80	thumb	mode_chkbtl_2
0x0800AC34	thumb	mode_debug_0
0x0800AD90	thumb	mode_debug_1
0x0800B2E4	thumb	mode_debug_2
0x0800B354	thumb	mode_chkobj_0
0x0800B418	thumb	mode_chkobj_1
0x0800B9C4	thumb	mode_chkobj_2
0x0800B9F4	thumb	mode_chksnd_0
0x0800BA28	thumb	mode_chksnd_1
0x0800BB18	thumb	mode_chksnd_2
0x0800BB2C	thumb	mode_chkeff_0
0x0800BC50	thumb	mode_chkeff_1
0x0800BF74	thumb	mode_chkeff_2
0x0800BF90	thumb	mode_dummy_0
0x0800C15C	thumb	mode_dummy_1
0x0800C1AC	thumb	mode_dummy_2
0x0800C1B8	thumb	mode_debflag_0
0x0800C2E0	thumb	mode_debflag_1
0x0800C41C	thumb	mode_debflag_2
0x0800C428	thumb	mode_vsbattle_0
0x0800C5F8	thumb	mode_vsbattle_1
0x0800C678	thumb	mode_vsbattle_2
0x0801CEAC	thumb	task_evt_obj_0
0x0801CF0C	thumb	task_evt_obj_1
0x0801CF3C	thumb	task_evt_obj_2
0x0801CFE0	thumb	task_evt_obj_3
0x0801D000	thumb	task_evt_shadow_0
0x0801D04C	thumb	task_evt_shadow_1
0x0801D050	thumb	task_evt_shadow_2
0x0801D10C	thumb	task_evt_shadow_3
0x0801D130	thumb	task_acgtrans_0
0x0801D168	thumb	task_acgtrans_1
0x0801D228	thumb	task_btl_lockon_0
0x0801D530	thumb	task_btl_lockon_1
0x0801D594	thumb	task_btl_lockon_2
0x0801D5FC	thumb	task_btl_lockon_3
0x0801D614	thumb	task_btl_area_0
0x0801D644	thumb	task_btl_area_1
0x0801D68C	thumb	task_btl_area_2
0x0801DC28	thumb	task_btl_area_3
0x0801E098	thumb	task_btl_sora_0
0x0801E854	thumb	task_btl_sora_1
0x0802714C	thumb	task_btl_sora_2
0x080273B8	thumb	task_btl_sora_3
0x0802F4EC	thumb	task_btl_shadow_0
0x0802F578	thumb	task_btl_shadow_1
0x0802F57C	thumb	task_btl_shadow_2
0x0802F650	thumb	task_btl_shadow_3
0x0802F668	thumb	task_btl_hpply_0
0x0802F964	thumb	task_btl_hpply_1
0x0802FC24	thumb	task_btl_hpply_2
0x0802FE10	thumb	task_btl_hpply_3
0x0802FE44	thumb	task_btl_hpenm_0
0x0802FE94	thumb	task_btl_hpenm_1
0x08030038	thumb	task_btl_hpenm_2
0x080301D4	thumb	task_btl_hpenm_3
0x080301F8	thumb	task_btl_pause_0
0x08030254	thumb	task_btl_pause_1
0x08030594	thumb	task_btl_pause_2
0x080305E8	thumb	task_btl_pause_3
0x08030604	thumb	task_btl_pop_0
0x080308B4	thumb	task_btl_pop_1
0x080308E4	thumb	task_btl_pop_2
0x08030928	thumb	task_btl_pop_3
0x08030940	thumb	task_btl_escape_0
0x08030990	thumb	task_btl_escape_1
0x08030A64	thumb	task_btl_escape_2
0x08030B6C	thumb	task_btl_escape_3
0x08030B84	thumb	task_btl_prize_0
0x08030DAC	thumb	task_btl_prize_1
0x080312F0	thumb	task_btl_prize_2
0x080313BC	thumb	task_btl_prize_3
0x080313E4	thumb	task_btl_premire_0
0x0803150C	thumb	task_btl_premire_1
0x080319F0	thumb	task_btl_premire_2
0x08031AC4	thumb	task_btl_premire_3
0x08031AEC	thumb	task_btl_start_0
0x08031B64	thumb	task_btl_start_1
0x08032070	thumb	task_fld_sora_0
0x08033BC8	thumb	task_fld_sora_1
0x080341E8	thumb	task_fld_sora_2
0x080342DC	thumb	task_fld_sora_3
0x08034814	thumb	task_fld_riku_0
0x08036360	thumb	task_fld_riku_1
0x0803696C	thumb	task_fld_riku_2
0x08036A60	thumb	task_fld_riku_3
0x08036AEC	thumb	task_fld_shadow_0
0x08036B3C	thumb	task_fld_shadow_1
0x08036B4C	thumb	task_fld_shadow_2
0x08036BE4	thumb	task_fld_shadow_3
0x08036BFC	thumb	task_emy_00_0
0x08036C34	thumb	task_emy_00_1
0x08037120	thumb	task_emy_00_2
0x080372D8	thumb	task_emy_00_3
0x080372E4	thumb	task_emy_01_0
0x08037304	thumb	task_emy_01_1
0x08037500	thumb	task_emy_01_2
0x0803750C	thumb	task_emy_01_3
0x08037518	thumb	task_emy_02_0
0x08037538	thumb	task_emy_02_1
0x08037734	thumb	task_emy_02_2
0x08037740	thumb	task_emy_02_3
0x0803774C	thumb	task_emy_03_0
0x0803776C	thumb	task_emy_03_1
0x08037904	thumb	task_emy_03_2
0x08037910	thumb	task_emy_03_3
0x0803791C	thumb	task_emy_04_0
0x08037950	thumb	task_emy_04_1
0x08037AAC	thumb	task_emy_04_2
0x08037AB8	thumb	task_emy_04_3
0x08037AC4	thumb	task_emy_06_0
0x08037AE4	thumb	task_emy_06_1
0x08037D4C	thumb	task_emy_06_2
0x08037D58	thumb	task_emy_06_3
0x08037D64	thumb	task_emy_07_0
0x08037DB8	thumb	task_emy_07_1
0x08038280	thumb	task_emy_07_2
0x0803828C	thumb	task_emy_07_3
0x08038298	thumb	task_emy_08_0
0x080382D4	thumb	task_emy_08_1
0x080387D4	thumb	task_emy_08_2
0x08038810	thumb	task_emy_08_3
0x0803882C	thumb	task_emy_14_0
0x08038840	thumb	task_emy_14_1
0x0803893C	thumb	task_emy_14_2
0x08038948	thumb	task_emy_14_3
0x08038954	thumb	task_emy_15_0
0x08038968	thumb	task_emy_15_1
0x08038BC4	thumb	task_emy_15_2
0x08038BD0	thumb	task_emy_15_3
0x08038BDC	thumb	task_emy_16_0
0x08038C10	thumb	task_emy_16_1
0x08038E24	thumb	task_emy_16_2
0x08038E40	thumb	task_emy_16_3
0x08038E5C	thumb	task_emy_16_b_0
0x08038F04	thumb	task_emy_16_b_1
0x080390BC	thumb	task_emy_16_b_2
0x08039174	thumb	task_emy_16_b_3
0x08039190	thumb	task_emy_16_p_0
0x08039200	thumb	task_emy_16_p_1
0x080392A4	thumb	task_emy_16_p_2
0x0803931C	thumb	task_emy_16_p_3
0x08039334	thumb	task_emy_18_0
0x08039374	thumb	task_emy_18_1
0x080397F0	thumb	task_emy_18_2
0x080397FC	thumb	task_emy_18_3
0x08039808	thumb	task_emy_19_0
0x0803981C	thumb	task_emy_19_1
0x08039C10	thumb	task_emy_19_2
0x08039C1C	thumb	task_emy_19_3
0x08039C28	thumb	task_emy_21_0
0x08039C48	thumb	task_emy_21_1
0x0803A014	thumb	task_emy_21_2
0x0803A020	thumb	task_emy_21_3
0x0803A02C	thumb	task_emy_22_0
0x0803A058	thumb	task_emy_22_1
0x0803A45C	thumb	task_emy_22_2
0x0803A468	thumb	task_emy_22_3
0x0803A474	thumb	task_emy_23_0
0x0803A494	thumb	task_emy_23_1
0x0803A6C0	thumb	task_emy_23_2
0x0803A6CC	thumb	task_emy_23_3
0x0803A6D8	thumb	task_emy_25_0
0x0803A6EC	thumb	task_emy_25_1
0x0803A9D8	thumb	task_emy_25_2
0x0803A9E4	thumb	task_emy_25_3
0x0803A9F0	thumb	task_emy_26_0
0x0803AA30	thumb	task_emy_26_1
0x0803AC58	thumb	task_emy_26_2
0x0803AC64	thumb	task_emy_26_3
0x0803AC70	thumb	task_emy_27_0
0x0803AC84	thumb	task_emy_27_1
0x0803AED0	thumb	task_emy_27_2
0x0803AEDC	thumb	task_emy_27_3
0x0803AEE8	thumb	task_emy_28_0
0x0803AF28	thumb	task_emy_28_1
0x0803B408	thumb	task_emy_28_2
0x0803B414	thumb	task_emy_28_3
0x0803B420	thumb	task_emy_29_0
0x0803B4F4	thumb	task_emy_29_1
0x0803B788	thumb	task_emy_29_2
0x0803B794	thumb	task_emy_29_3
0x0803B7A0	thumb	task_emy_30_0
0x0803B7E0	thumb	task_emy_30_1
0x0803BF7C	thumb	task_emy_30_2
0x0803BF88	thumb	task_emy_30_3
0x0803BF94	thumb	task_emy_31_0
0x0803BFB4	thumb	task_emy_31_1
0x0803C4D0	thumb	task_emy_31_2
0x0803C4DC	thumb	task_emy_31_3
0x0803C4E8	thumb	task_emy_37_0
0x0803C52C	thumb	task_emy_37_1
0x0803CC74	thumb	task_emy_37_2
0x0803CE50	thumb	task_emy_37_3
0x0803CE5C	thumb	task_emy_38_0
0x0803CE70	thumb	task_emy_38_1
0x0803D008	thumb	task_emy_38_2
0x0803D014	thumb	task_emy_38_3
0x0803D020	thumb	task_emy_39_0
0x0803D034	thumb	task_emy_39_1
0x0803D304	thumb	task_emy_39_2
0x0803D310	thumb	task_emy_39_3
0x0803D31C	thumb	task_emy_41_0
0x0803D33C	thumb	task_emy_41_1
0x0803D504	thumb	task_emy_41_2
0x0803D510	thumb	task_emy_41_3
0x0803D51C	thumb	task_emy_44_0
0x0803D530	thumb	task_emy_44_1
0x0803D778	thumb	task_emy_44_2
0x0803D784	thumb	task_emy_44_3
0x0803D790	thumb	task_emy_81_0
0x0803D7A4	thumb	task_emy_81_1
0x0803DD00	thumb	task_emy_81_2
0x0803DD0C	thumb	task_emy_81_3
0x0803DD18	thumb	task_emy_82_0
0x0803DDDC	thumb	task_emy_82_1
0x0803E568	thumb	task_emy_82_2
0x0803E574	thumb	task_emy_82_3
0x0803E580	thumb	task_emy_83_0
0x0803E5B8	thumb	task_emy_83_1
0x0803E8E8	thumb	task_emy_83_2
0x0803E904	thumb	task_emy_83_3
0x0803E920	thumb	task_emy_83_b_0
0x0803E994	thumb	task_emy_83_b_1
0x0803EA8C	thumb	task_emy_83_b_2
0x0803EB04	thumb	task_emy_83_b_3
0x0803EB20	thumb	task_emy_83_s_0
0x0803EBCC	thumb	task_emy_83_s_1
0x0803EC58	thumb	task_emy_83_s_2
0x0803ED1C	thumb	task_emy_83_s_3
0x0803ED34	thumb	task_emy_trump_h_0
0x0803ED48	thumb	task_emy_trump_h_1
0x0803EE48	thumb	task_emy_trump_h_2
0x0803EE54	thumb	task_emy_trump_h_3
0x0803EE60	thumb	task_emy_trump_s_0
0x0803EE74	thumb	task_emy_trump_s_1
0x0803EF90	thumb	task_emy_trump_s_2
0x0803EF9C	thumb	task_emy_trump_s_3
0x0803EFA8	thumb	task_emy_test_0
0x0803EFE4	thumb	task_emy_test_1
0x0803EFFC	thumb	task_emy_test_2
0x0803F008	thumb	task_emy_test_3
0x0803F014	thumb	task_bos_map_0
0x0803F088	thumb	task_bos_map_1
0x0803F168	thumb	task_bos_shadow_0
0x0803F194	thumb	task_bos_shadow_1
0x0803F198	thumb	task_bos_shadow_2
0x0803F23C	thumb	task_bos_shadow_3
0x0803F254	thumb	task_roomcreate_0
0x0803F308	thumb	task_roomcreate_1
0x0803F6D4	thumb	task_roomcreate_2
0x0803F6E0	thumb	task_roomcreate_3
0x0803F704	thumb	task_romcri_eff_0
0x0803F7F4	thumb	task_romcri_eff_1
0x0803FBD0	thumb	task_romcri_eff_3
0x0803FBDC	thumb	task_romcri_eff2_0
0x0803FD08	thumb	task_romcri_eff2_1
0x0803FDBC	thumb	task_romcri_eff2_3
0x0803FDFC	thumb	task_btl_form_0
0x0803FE74	thumb	task_btl_form_1
0x08040048	thumb	task_btl_form_3
0x08040064	thumb	task_btl_born_0
0x08040080	thumb	task_btl_born_1
0x08040214	thumb	task_btl_raid_0
0x080404B4	thumb	task_btl_raid_1
0x0804096C	thumb	task_btl_raid_2
0x08040A68	thumb	task_btl_raid_3
0x08040A84	thumb	task_btl_badstatus_0
0x08040AE4	thumb	task_btl_badstatus_1
0x08040BC8	thumb	task_btl_badstatus_2
0x08040C70	thumb	task_btl_badstatus_3
0x08040E28	thumb	task_smn_cloud_0
0x08040F84	thumb	task_smn_cloud_1
0x08041BBC	thumb	task_smn_cloud_2
0x08041D1C	thumb	task_smn_cloud_3
0x08041DF0	thumb	task_smn_bambi_0
0x080420E0	thumb	task_smn_bambi_1
0x08042540	thumb	task_smn_bambi_2
0x08042668	thumb	task_smn_bambi_3
0x080426B0	thumb	task_smn_tink_0
0x0804291C	thumb	task_smn_tink_1
0x08042E08	thumb	task_smn_tink_2
0x08042F30	thumb	task_smn_tink_3
0x08042F84	thumb	task_smn_tinkeff_0
0x0804305C	thumb	task_smn_tinkeff_1
0x08043088	thumb	task_smn_tinkeff_2
0x080430E8	thumb	task_smn_tinkeff_3
0x08043100	thumb	task_smn_simba_0
0x08043244	thumb	task_smn_simba_1
0x080435A0	thumb	task_smn_simba_2
0x080436C8	thumb	task_smn_simba_3
0x08043710	thumb	task_smn_mushu_0
0x08043878	thumb	task_smn_mushu_1
0x08043BD4	thumb	task_smn_mushu_2
0x08043CF4	thumb	task_smn_mushu_3
0x08043D3C	thumb	task_smn_dumbo_0
0x08043E80	thumb	task_smn_dumbo_1
0x08044128	thumb	task_smn_dumbo_2
0x08044250	thumb	task_smn_dumbo_3
0x080442A4	thumb	task_smn_genie_0
0x0804460C	thumb	task_smn_genie_1
0x08044CC8	thumb	task_smn_genie_2
0x08044DF0	thumb	task_smn_genie_3
0x08044E64	thumb	task_smn_king_0
0x08044FE0	thumb	task_smn_king_1
0x080452DC	thumb	task_smn_king_2
0x08045404	thumb	task_smn_king_3
0x08045550	thumb	task_frd_donald_0
0x08045728	thumb	task_frd_donald_1
0x0804649C	thumb	task_frd_donald_2
0x080465AC	thumb	task_frd_donald_3
0x08046638	thumb	task_frd_goofy_0
0x080467BC	thumb	task_frd_goofy_1
0x08046CFC	thumb	task_frd_goofy_2
0x08046E0C	thumb	task_frd_goofy_3
0x08046E50	thumb	task_frd_ariel_0
0x08046FF8	thumb	task_frd_ariel_1
0x08047354	thumb	task_frd_ariel_2
0x08047464	thumb	task_frd_ariel_3
0x080474F0	thumb	task_frd_jack_0
0x080476A0	thumb	task_frd_jack_1
0x08048594	thumb	task_frd_jack_2
0x08048750	thumb	task_frd_jack_3
0x08048794	thumb	task_frd_pan_0
0x08048AA4	thumb	task_frd_pan_1
0x08048FA8	thumb	task_frd_pan_2
0x080490B8	thumb	task_frd_pan_3
0x08049168	thumb	task_frd_aladdin_0
0x08049324	thumb	task_frd_aladdin_1
0x08049694	thumb	task_frd_aladdin_2
0x080497A4	thumb	task_frd_aladdin_3
0x08049830	thumb	task_frd_beast_0
0x08049A10	thumb	task_frd_beast_1
0x08049C78	thumb	task_frd_beast_2
0x08049D88	thumb	task_frd_beast_3
0x08049DCC	thumb	task_pc_acddmg_0
0x08049DDC	thumb	task_pc_acddmg_1
0x0804A014	thumb	task_hum_cloud_0
0x0804A040	thumb	task_hum_cloud_1
0x0804B434	thumb	task_hum_cloud_2
0x0804B440	thumb	task_hum_cloud_3
0x0804C8FC	thumb	task_hum_hook_moon_0
0x0804C944	thumb	task_hum_hook_moon_1
0x0804C950	thumb	task_hum_hook_moon_2
0x0804CB28	thumb	task_hum_hook_moon_3
0x0804CB40	thumb	task_hum_hook_bomb_0
0x0804CCCC	thumb	task_hum_hook_bomb_1
0x0804CF24	thumb	task_hum_hook_bomb_2
0x0804CFF4	thumb	task_hum_hook_bomb_3
0x0804D0E4	thumb	task_hum_ansem_0
0x0804D140	thumb	task_hum_ansem_1
0x0804E3A4	thumb	task_hum_ansem_2
0x0804E3B0	thumb	task_hum_ansem_3
0x0804E468	thumb	task_hum_hades_0
0x0804E590	thumb	task_hum_hades_1
0x0804F6D8	thumb	task_hum_hades_2
0x0804F8B0	thumb	task_hum_hades_3
0x0804FC28	thumb	task_hum_mahluxia_0
0x0804FE28	thumb	task_hum_mahluxia_1
0x08050D14	thumb	task_hum_mahluxia_2
0x08050EA8	thumb	task_hum_mahluxia_3
0x08050F7C	thumb	task_hum_laxene_0
0x08050FE0	thumb	task_hum_laxene_1
0x080523D0	thumb	task_hum_laxene_2
0x080523EC	thumb	task_hum_laxene_3
0x08052414	thumb	task_hum_laxene_knf_0
0x080524D0	thumb	task_hum_laxene_knf_1
0x080525DC	thumb	task_hum_laxene_knf_2
0x08052690	thumb	task_hum_laxene_knf_3
0x080527B8	thumb	task_hum_axcel_0
0x08052884	thumb	task_hum_axcel_1
0x08054198	thumb	task_hum_axcel_2
0x080541CC	thumb	task_hum_axcel_3
0x08054208	thumb	task_hum_axcel_ptc_0
0x08054294	thumb	task_hum_axcel_ptc_1
0x080542BC	thumb	task_hum_axcel_ptc_2
0x0805431C	thumb	task_hum_axcel_ptc_3
0x08054440	thumb	task_hum_vixen_0
0x080544C8	thumb	task_hum_vixen_1
0x08055448	thumb	task_hum_vixen_2
0x08055464	thumb	task_hum_vixen_3
0x080554A4	thumb	task_hum_vixen_ndl_0
0x08055540	thumb	task_hum_vixen_ndl_1
0x080555F4	thumb	task_hum_vixen_ndl_2
0x08055668	thumb	task_hum_vixen_ndl_3
0x08055674	thumb	task_hum_vixen_ice_0
0x080556DC	thumb	task_hum_vixen_ice_1
0x080558D8	thumb	task_hum_vixen_ice_2
0x08055970	thumb	task_hum_vixen_ice_3
0x08055990	thumb	task_hum_vixen_frz_0
0x08055A4C	thumb	task_hum_vixen_frz_1
0x08055DAC	thumb	task_hum_vixen_frz_2
0x08055E20	thumb	task_hum_vixen_frz_3
0x08055E2C	thumb	task_hum_vixen_frg_0
0x08055F38	thumb	task_hum_vixen_frg_1
0x08055FFC	thumb	task_hum_vixen_frg_2
0x080560A0	thumb	task_hum_vixen_frg_3
0x080560F8	thumb	task_hum_lexceus_0
0x08056158	thumb	task_hum_lexceus_1
0x08056E74	thumb	task_hum_lexceus_2
0x08056EC8	thumb	task_hum_lexceus_3
0x08056EE4	thumb	task_hum_lex_tmh_0
0x08056FEC	thumb	task_hum_lex_tmh_1
0x08057184	thumb	task_hum_lex_tmh_2
0x08057270	thumb	task_hum_lex_tmh_3
0x08057294	thumb	task_hum_lex_tmh0_0
0x08057314	thumb	task_hum_lex_tmh0_1
0x08057364	thumb	task_hum_lex_tmh0_2
0x08057408	thumb	task_hum_lex_tmh0_3
0x08057420	thumb	task_hum_lex_rock_0
0x080574AC	thumb	task_hum_lex_rock_1
0x080578D0	thumb	task_hum_lex_rock_2
0x08057AA0	thumb	task_hum_lex_rock_3
0x08057AF0	thumb	task_hum_mahluxia_flw_0
0x08057B8C	thumb	task_hum_mahluxia_flw_1
0x08057C44	thumb	task_hum_mahluxia_flw_2
0x08057CA4	thumb	task_hum_mahluxia_flw_3
0x08057F98	thumb	task_hum_riku_0
0x080580D4	thumb	task_hum_riku_1
0x080597F4	thumb	task_hum_riku_2
0x080598D8	thumb	task_hum_riku_3
0x080598E4	thumb	task_hum_leon_0
0x08059960	thumb	task_hum_leon_1
0x08059C80	thumb	task_hum_leon_2
0x08059C8C	thumb	task_hum_leon_3
0x08059CC8	thumb	task_hum_robe_0
0x08059D00	thumb	task_hum_robe_1
0x08059DC4	thumb	task_hum_robe_2
0x08059DD0	thumb	task_hum_robe_3
0x0805ACE4	thumb	mode_jiminy_0
0x0805B0D4	thumb	mode_jiminy_1
0x0805C910	thumb	mode_jiminy_2
0x0805C9B4	thumb	task_monsgage_0
0x0805CA08	thumb	task_monsgage_1
0x0805CBE0	thumb	task_monsgage_2
0x0805CC64	thumb	task_monsgage_3
0x0805CC80	thumb	task_btl_pop_cb_0
0x0805CD4C	thumb	task_btl_pop_cb_1
0x0805CD6C	thumb	task_btl_pop_cb_2
0x0805CDB0	thumb	task_btl_pop_cb_3
0x0805CF24	thumb	task_btl_exp_0
0x0805CF9C	thumb	task_btl_exp_1
0x0805D0E8	thumb	task_btl_exp_2
0x0805D180	thumb	task_btl_exp_3
0x0805D1A8	thumb	task_btl_vslockon_0
0x0805D210	thumb	task_btl_vslockon_1
0x0805D26C	thumb	task_btl_vslockon_2
0x0805D2CC	thumb	task_btl_vslockon_3
0x0805D2E4	thumb	task_btl_hpoth_0
0x0805D594	thumb	task_btl_hpoth_1
0x0805D840	thumb	task_btl_hpoth_2
0x0805DA34	thumb	task_btl_hpoth_3
0x0805DB38	thumb	task_tutorial_0
0x0805DC58	thumb	task_tutorial_1
0x0805E788	thumb	task_tutorial_2
0x0805E824	thumb	task_tutorial_3
0x0805E8B4	thumb	mode_movie_0
0x0805EDFC	thumb	mode_movie_1
0x0805F0D8	thumb	mode_movie_2
0x0805F0E4	thumb	mode_test_0
0x0805F120	thumb	mode_test_1
0x0805F1A0	thumb	mode_test_2
0x080750D4	thumb	mode_eventselect_0
0x0807511C	thumb	mode_eventselect_1
0x08075354	thumb	mode_eventselect_2
0x080AEBA0	thumb	mode_sio_btl_connect_0
0x080AEC9C	thumb	mode_sio_btl_connect_1
0x080AEE24	thumb	mode_sio_btl_connect_2
0x080AEF38	thumb	mode_sio_btl_option_0
0x080AF60C	thumb	mode_sio_btl_option_1
0x080B04F0	thumb	mode_sio_btl_option_2
0x080B1498	thumb	mode_sio_btl_cardget_0
0x080B16E4	thumb	mode_sio_btl_cardget_1
0x080B1844	thumb	mode_sio_btl_cardget_2
0x080B1A24	thumb	mode_sio_chg_connect_0
0x080B1B20	thumb	mode_sio_chg_connect_1
0x080B1BB4	thumb	mode_sio_chg_connect_2
0x080B1CD0	thumb	mode_sio_chg_card_0
0x080B233C	thumb	mode_sio_chg_card_1
0x080B2BF4	thumb	mode_sio_chg_card_2
0x080B3DFC	thumb	mode_sioError_0
0x080B3F18	thumb	mode_sioError_1
0x080B3F54	thumb	mode_sioError_2
0x080B3F80	thumb	mode_wLogo_0
0x080B3F94	thumb	mode_wLogo_1
0x080B411C	thumb	mode_wLogo_2
0x080B4614	thumb	task_wLogo_0
0x080B4788	thumb	task_wLogo_1
0x080B47F8	thumb	task_wLogo_2
0x080B47FC	thumb	task_wLogo_3
0x080B4818	thumb	task_wlogo_mons_0
0x080B48B8	thumb	task_wlogo_mons_1
0x080B4A98	thumb	task_wlogo_mons_2
0x080B4ACC	thumb	task_wlogo_mons_3
0x080B4AE4	thumb	task_wlogo_hwt_0
0x080B4B3C	thumb	task_wlogo_hwt_1
0x080B4CC4	thumb	task_wlogo_hwt_2
0x080B4CC8	thumb	task_wlogo_hwt_3
0x080B4CD8	thumb	task_wlogo_hwt_obj_0
0x080B4DD0	thumb	task_wlogo_hwt_obj_1
0x080B4ED0	thumb	task_wlogo_hwt_obj_2
0x080B4F04	thumb	task_wlogo_hwt_obj_3
0x080B4F1C	thumb	task_wlogo_won_0
0x080B5010	thumb	task_wlogo_won_1
0x080B5198	thumb	task_wlogo_won_2
0x080B5244	thumb	task_wlogo_won_3
0x080B525C	thumb	task_wlogo_atl_0
0x080B52E0	thumb	task_wlogo_atl_1
0x080B5434	thumb	task_wlogo_atl_2
0x080B5438	thumb	task_wlogo_atl_3
0x080B5460	thumb	task_wlogo_nvl_0
0x080B54D8	thumb	task_wlogo_nvl_1
0x080B5688	thumb	task_wlogo_nvl_2
0x080B568C	thumb	task_wlogo_nvl_3
0x080B569C	thumb	task_wlogo_nvl_mov_0
0x080B573C	thumb	task_wlogo_nvl_mov_1
0x080B58B0	thumb	task_wlogo_nvl_mov_2
0x080B58E8	thumb	task_wlogo_nvl_mov_3
0x080B58F8	thumb	task_wlogo_nvl_obj_0
0x080B5958	thumb	task_wlogo_nvl_obj_1
0x080B5980	thumb	task_wlogo_nvl_obj_2
0x080B59B0	thumb	task_wlogo_nvl_obj_3
0x080B59C8	thumb	task_wlogo_col_0
0x080B5A98	thumb	task_wlogo_col_1
0x080B5C18	thumb	task_wlogo_col_2
0x080B5C4C	thumb	task_wlogo_col_3
0x080B5C64	thumb	task_wlogo_hlw_0
0x080B5CB0	thumb	task_wlogo_hlw_1
0x080B5D84	thumb	task_wlogo_hlw_2
0x080B5D88	thumb	task_wlogo_hlw_3
0x080B5D8C	thumb	task_wlogo_dil_0
0x080B5E04	thumb	task_wlogo_dil_1
0x080B5F48	thumb	task_wlogo_dil_2
0x080B5F7C	thumb	task_wlogo_dil_3
0x080B5F94	thumb	task_wlogo_agr_0
0x080B6020	thumb	task_wlogo_agr_1
0x080B63B4	thumb	task_wlogo_agr_2
0x080B63E8	thumb	task_wlogo_agr_3
0x080B6408	thumb	task_wlogo_agr_smoke_0
0x080B6488	thumb	task_wlogo_agr_smoke_1
0x080B64B0	thumb	task_wlogo_agr_smoke_2
0x080B64E0	thumb	task_wlogo_agr_smoke_3
0x080B64F8	thumb	task_wlogo_agr_flash0_0
0x080B6558	thumb	task_wlogo_agr_flash0_1
0x080B6580	thumb	task_wlogo_agr_flash0_2
0x080B65AC	thumb	task_wlogo_agr_flash0_3
0x080B65C4	thumb	task_wlogo_agr_flash1_0
0x080B6624	thumb	task_wlogo_agr_flash1_1
0x080B664C	thumb	task_wlogo_agr_flash1_2
0x080B6678	thumb	task_wlogo_agr_flash1_3
0x080B6690	thumb	task_wlogo_tvt_0
0x080B6758	thumb	task_wlogo_tvt_1
0x080B6A28	thumb	task_wlogo_tvt_2
0x080B6A5C	thumb	task_wlogo_tvt_3
0x080B6A74	thumb	task_wlogo_poo_0
0x080B6AD0	thumb	task_wlogo_poo_1
0x080B6BEC	thumb	task_wlogo_poo_2
0x080B6BF0	thumb	task_wlogo_poo_3
0x080B6C00	thumb	task_wlogo_poo_obj_0
0x080B6CC0	thumb	task_wlogo_poo_obj_1
0x080B6DAC	thumb	task_wlogo_poo_obj_2
0x080B6DE4	thumb	task_wlogo_poo_obj_3
0x080B6DFC	thumb	task_wlogo_tt_0
0x080B6FF0	thumb	task_wlogo_tt_1
0x080B7444	thumb	task_wlogo_tt_2
0x080B75B0	thumb	task_wlogo_tt_3
0x080B7674	thumb	task_wlogo_tt_obj_0
0x080B76D4	thumb	task_wlogo_tt_obj_1
0x080B7708	thumb	task_wlogo_tt_obj_2
0x080B7738	thumb	task_wlogo_tt_obj_3
0x080B7750	thumb	task_wlogo_tt_line_0
0x080B7768	thumb	task_wlogo_tt_line_1
0x080B7820	thumb	task_wlogo_tt_line_2
0x080B782C	thumb	task_wlogo_tt_line_3
0x080B7838	thumb	task_wlogo_bks_0
0x080B790C	thumb	task_wlogo_bks_1
0x080B7C1C	thumb	task_wlogo_bks_2
0x080B7C58	thumb	task_wlogo_bks_3
0x080B7C98	thumb	task_wlogo_bks_obj_0
0x080B7D6C	thumb	task_wlogo_bks_obj_1
0x080B7E10	thumb	task_wlogo_bks_obj_2
0x080B7E50	thumb	task_wlogo_bks_obj_3
0x080B9660	thumb	task_bos_tm_body_0
0x080B9890	thumb	task_bos_tm_body_1
0x080B9D50	thumb	task_bos_tm_body_2
0x080B9F90	thumb	task_bos_tm_body_3
0x080BA928	thumb	task_bos_tm_foot_0
0x080BAB8C	thumb	task_bos_tm_foot_1
0x080BAFA4	thumb	task_bos_tm_foot_2
0x080BB174	thumb	task_bos_tm_foot_3
0x080BB228	thumb	task_bos_tm_clb_0
0x080BB268	thumb	task_bos_tm_clb_1
0x080BB354	thumb	task_bos_tm_clb_2
0x080BB410	thumb	task_bos_tm_clb_3
0x080BB64C	thumb	task_bos_tm_arm_0
0x080BC884	thumb	task_bos_tm_arm_1
0x080BC940	thumb	task_bos_tm_arm_2
0x080BCB70	thumb	task_bos_tm_arm_3
0x080BCBA4	thumb	task_bos_tm_tbl_0
0x080BCC00	thumb	task_bos_tm_tbl_1
0x080BCE78	thumb	task_bos_tm_tbl_3
0x080BCE8C	thumb	task_bos_jf_0
0x080BD1D4	thumb	task_bos_jf_1
0x080BD464	thumb	task_bos_jf_2
0x080BD474	thumb	task_bos_jf_3
0x080BD8E0	thumb	task_bos_jf_map_0
0x080BD9A8	thumb	task_bos_jf_map_1
0x080BDBDC	thumb	task_bos_jf_lamp_0
0x080BDCA0	thumb	task_bos_jf_lamp_1
0x080BE118	thumb	task_bos_jf_lamp_2
0x080BE24C	thumb	task_bos_jf_lamp_3
0x080BE508	thumb	task_bos_jf_majin_0
0x080BE6AC	thumb	task_bos_jf_majin_1
0x080BE7B4	thumb	task_bos_jf_majin_2
0x080BE8EC	thumb	task_bos_jf_majin_3
0x080C09B8	thumb	task_bos_jf_rock_0
0x080C0BF4	thumb	task_bos_jf_rock_1
0x080C1204	thumb	task_bos_jf_rock_2
0x080C1338	thumb	task_bos_jf_rock_3
0x080C1424	thumb	task_bos_jf_borderline_0
0x080C1558	thumb	task_bos_jf_borderline_1
0x080C15BC	thumb	task_bos_jf_borderline_2
0x080C1A30	thumb	task_bos_jf_borderline_3
0x080C1B60	thumb	task_bos_dsd_0
0x080C1EB4	thumb	task_bos_dsd_1
0x080C20D0	thumb	task_bos_dsd_2
0x080C20E0	thumb	task_bos_dsd_3
0x080C217C	thumb	task_bos_dsd_main_0
0x080C2398	thumb	task_bos_dsd_main_1
0x080C2514	thumb	task_bos_dsd_main_2
0x080C26A0	thumb	task_bos_dsd_main_3
0x080C3DE4	thumb	task_bos_dsd_map_0
0x080C3E64	thumb	task_bos_dsd_map_1
0x080C3F24	thumb	task_bos_dsd_ita_0
0x080C3FAC	thumb	task_bos_dsd_ita_1
0x080C4128	thumb	task_bos_dsd_ita_2
0x080C4270	thumb	task_bos_dsd_ita_3
0x080C4420	thumb	task_bos_dsd_rock_0
0x080C45DC	thumb	task_bos_dsd_rock_1
0x080C4638	thumb	task_bos_dsd_rock_2
0x080C46BC	thumb	task_bos_dsd_rock_3
0x080C46C0	thumb	task_bos_dsd_circle_0
0x080C4708	thumb	task_bos_dsd_circle_1
0x080C4948	thumb	task_bos_dsd_circle_2
0x080C49A0	thumb	task_bos_dsd_circle_3
0x080C49A4	thumb	task_bos_dsd_energy1_0
0x080C4A38	thumb	task_bos_dsd_energy1_1
0x080C4BA4	thumb	task_bos_dsd_energy1_2
0x080C4C50	thumb	task_bos_dsd_energy1_3
0x080C4DB0	thumb	task_bos_dsd_energy2_0
0x080C4E58	thumb	task_bos_dsd_energy2_1
0x080C5110	thumb	task_bos_dsd_energy2_2
0x080C51C0	thumb	task_bos_dsd_energy2_3
0x080C51C4	thumb	task_chara_mask_fade_0
0x080C5204	thumb	task_chara_mask_fade_1
0x080C52CC	thumb	task_chara_mask_fade_2
0x080C52D0	thumb	task_chara_mask_fade_3
0x080C52D4	thumb	task_chgCardObj_0
0x080C5354	thumb	task_chgCardObj_1
0x080C54AC	thumb	task_chgCardObj_2
0x080C54B0	thumb	task_chgCardObj_3
0x080C6EE0	thumb	task_bos_jf_shadow_0
0x080C6F14	thumb	task_bos_jf_shadow_1
0x080C6F18	thumb	task_bos_jf_shadow_2
0x080C6FE0	thumb	task_bos_jf_shadow_3
0x080C703C	thumb	mode_sio_dbg_flg_0
0x080C7170	thumb	mode_sio_dbg_flg_1
0x080C7344	thumb	mode_sio_dbg_flg_2
0x080C85C4	thumb	task_poo_pooh_0
0x080C9974	thumb	task_poo_pooh_1
0x080C9A24	thumb	task_poo_pooh_2
0x080C9CC8	thumb	task_poo_pooh_3
0x080CA0CC	thumb	task_poo_map_0
0x080CA210	thumb	task_poo_map_1
0x080CA258	thumb	task_poo_map_2
0x080CA264	thumb	task_poo_map_3
0x080CABFC	thumb	task_poo_sora_0
0x080CB68C	thumb	task_poo_sora_1
0x080CB8F0	thumb	task_poo_sora_2
0x080CBA08	thumb	task_poo_sora_3
0x080CBB8C	thumb	task_poo_trap_0
0x080CBBDC	thumb	task_poo_trap_1
0x080CBC20	thumb	task_poo_trap_2
0x080CBCC8	thumb	task_poo_trap_3
0x080CBCF0	thumb	task_poo_pitAndButterfly_0
0x080CBD2C	thumb	task_poo_pitAndButterfly_1
0x080CBD60	thumb	task_poo_pitAndButterfly_2
0x080CBD88	thumb	task_poo_pitAndButterfly_3
0x080CBDA8	thumb	task_poo_balloon_0
0x080CBE6C	thumb	task_poo_balloon_1
0x080CBE70	thumb	task_poo_balloon_2
0x080CBF04	thumb	task_poo_balloon_3
0x080CBF1C	thumb	task_poo_shadow_0
0x080CBF48	thumb	task_poo_shadow_1
0x080CBF54	thumb	task_poo_shadow_2
0x080CBF60	thumb	task_poo_shadow_3
0x080CBF6C	thumb	task_poo_shadowdodai_0
0x080CBFCC	thumb	task_poo_shadowdodai_1
0x080CBFDC	thumb	task_poo_shadowdodai_2
0x080CC064	thumb	task_poo_shadowdodai_3
0x080CC07C	thumb	task_poo_shadowscale_0
0x080CC0DC	thumb	task_poo_shadowscale_1
0x080CC0EC	thumb	task_poo_shadowscale_2
0x080CC160	thumb	task_poo_shadowscale_3
0x080CC194	thumb	task_poo_freeballoon_0
0x080CC2B0	thumb	task_poo_freeballoon_1
0x080CC3D8	thumb	task_poo_freeballoon_2
0x080CC464	thumb	task_poo_freeballoon_3
0x080CC4CC	thumb	task_poo_gauge_0
0x080CC528	thumb	task_poo_gauge_1
0x080CC5B0	thumb	task_poo_gauge_2
0x080CC5D8	thumb	task_poo_gauge_3
0x080CC5F0	thumb	task_poo_trapballoon_0
0x080CC684	thumb	task_poo_trapballoon_1
0x080CC7D0	thumb	task_poo_trapballoon_2
0x080CC92C	thumb	task_poo_trapballoon_3
0x080CC960	thumb	task_poo_owlballoon_0
0x080CC9F4	thumb	task_poo_owlballoon_1
0x080CCA58	thumb	task_poo_owlballoon_2
0x080CCB4C	thumb	task_poo_owlballoon_3
0x080CCD00	thumb	task_poo_honey_0
0x080CCDE0	thumb	task_poo_honey_1
0x080CCFF0	thumb	task_poo_honey_2
0x080CD108	thumb	task_poo_honey_3
0x080CD13C	thumb	task_poo_mapanime_0
0x080CD160	thumb	task_poo_mapanime_1
0x080CD190	thumb	task_poo_mapanime_2
0x080CD194	thumb	task_poo_mapanime_3
0x080CD214	thumb	task_poo_pile_0
0x080CD298	thumb	task_poo_pile_1
0x080CD3A8	thumb	task_poo_pile_2
0x080CD510	thumb	task_poo_pile_3
0x080CD58C	thumb	task_poo_tigerstump_0
0x080CD5B8	thumb	task_poo_tigerstump_1
0x080CD5E4	thumb	task_poo_tigerstump_2
0x080CD6C8	thumb	task_poo_tigerstump_3
0x080CD6EC	thumb	task_poo_poohstump_0
0x080CD714	thumb	task_poo_poohstump_1
0x080CD754	thumb	task_poo_poohstump_2
0x080CD830	thumb	task_poo_poohstump_3
0x080CD89C	thumb	task_poo_piglet_0
0x080CD968	thumb	task_poo_piglet_1
0x080CDBB4	thumb	task_poo_piglet_2
0x080CDCE0	thumb	task_poo_piglet_3
0x080CDD0C	thumb	task_poo_eeyore_0
0x080CDDF8	thumb	task_poo_eeyore_1
0x080CDEB4	thumb	task_poo_eeyore_2
0x080CDFEC	thumb	task_poo_eeyore_3
0x080CE024	thumb	task_poo_owl_0
0x080CE0B4	thumb	task_poo_owl_1
0x080CE1D8	thumb	task_poo_owl_2
0x080CE2A0	thumb	task_poo_owl_3
0x080CE310	thumb	task_poo_rabbit_0
0x080CE3D4	thumb	task_poo_rabbit_1
0x080CE5DC	thumb	task_poo_rabbit_2
0x080CE6E4	thumb	task_poo_rabbit_3
0x080CEA78	thumb	task_poo_tiggerroo_1
0x080CEB64	thumb	task_poo_tiggerroo_2
0x080CED28	thumb	task_poo_tiggerroo_3
0x080CED58	thumb	task_poo_tiggerroo_0
0x080CEDF4	thumb	task_poo_roo_0
0x080CEF04	thumb	task_poo_roo_1
0x080CF064	thumb	task_poo_roo_2
0x080CF0EC	thumb	task_poo_roo_3
0x080CF144	thumb	task_poo_roo_footmark_0
0x080CF194	thumb	task_poo_roo_footmark_1
0x080CF198	thumb	task_poo_roo_footmark_2
0x080CF25C	thumb	task_poo_roo_footmark_3
0x080CF280	thumb	task_poo_leaf_0
0x080CF2FC	thumb	task_poo_leaf_1
0x080CF374	thumb	task_poo_leaf_2
0x080CF480	thumb	task_poo_leaf_3
0x080CF4A4	thumb	task_poo_tanpopo_0
0x080CF560	thumb	task_poo_tanpopo_1
0x080CF5DC	thumb	task_poo_tanpopo_2
0x080CF72C	thumb	task_poo_tanpopo_3
0x080CF754	thumb	task_poo_ti_board_0
0x080CF794	thumb	task_poo_ti_board_1
0x080CF7C0	thumb	task_poo_ti_board_2
0x080CF874	thumb	task_poo_ti_board_3
0x080CF898	thumb	task_poo_eeyoretail_0
0x080CF900	thumb	task_poo_eeyoretail_1
0x080CF96C	thumb	task_poo_eeyoretail_2
0x080CFA4C	thumb	task_poo_eeyoretail_3
0x080CFA84	thumb	task_poo_honeycomb_0
0x080CFAEC	thumb	task_poo_honeycomb_1
0x080CFBA0	thumb	task_poo_honeycomb_2
0x080CFC90	thumb	task_poo_honeycomb_3
0x080CFCD4	thumb	task_poo_vegetable_0
0x080CFD18	thumb	task_poo_vegetable_1
0x080CFD44	thumb	task_poo_vegetable_2
0x080CFE10	thumb	task_poo_vegetable_3
0x080D0290	thumb	task_poo_wagon_0
0x080D0304	thumb	task_poo_wagon_1
0x080D0418	thumb	task_poo_wagon_2
0x080D0694	thumb	task_poo_wagon_3
0x080D06D4	thumb	task_poo_wagonwheel_0
0x080D0770	thumb	task_poo_wagonwheel_1
0x080D07F0	thumb	task_poo_wagonwheel_2
0x080D08E8	thumb	task_poo_wagonwheel_3
0x080D0920	thumb	task_poo_spark_0
0x080D0970	thumb	task_poo_spark_1
0x080D0994	thumb	task_poo_spark_2
0x080D09FC	thumb	task_poo_spark_3
0x080D0A14	thumb	task_poo_bee_0
0x080D0AE8	thumb	task_poo_bee_1
0x080D0CE8	thumb	task_poo_bee_2
0x080D0E20	thumb	task_poo_bee_3
0x080D0E50	thumb	task_poo_beeAfterEvent_0
0x080D0EDC	thumb	task_poo_beeAfterEvent_1
0x080D0EFC	thumb	task_poo_beeAfterEvent_2
0x080D102C	thumb	task_poo_beeAfterEvent_3
0x080D10E0	thumb	task_poo_cabbage_0
0x080D11B0	thumb	task_poo_cabbage_1
0x080D14A0	thumb	task_poo_cabbage_2
0x080D15F0	thumb	task_poo_cabbage_3
0x080D1628	thumb	task_poo_cabbageborn_0
0x080D16A4	thumb	task_poo_cabbageborn_1
0x080D16E4	thumb	task_poo_cabbageborn_2
0x080D16F0	thumb	task_poo_cabbageborn_3
0x080D1C40	thumb	task_poo_prize_0
0x080D1D70	thumb	task_poo_prize_1
0x080D1D90	thumb	task_poo_prize_2
0x080D1E88	thumb	task_poo_prize_3
0x080D1EA8	thumb	task_poo_zzz_0
0x080D1F1C	thumb	task_poo_zzz_1
0x080D1F20	thumb	task_poo_zzz_2
0x080D1FA0	thumb	task_poo_zzz_3
0x080D20B8	thumb	task_poo_butterfly_0
0x080D21F4	thumb	task_poo_butterfly_1
0x080D22B4	thumb	task_poo_butterfly_2
0x080D22D4	thumb	task_poo_butterfly_3
0x080D22F4	thumb	task_poo_butterflyRight_1
0x080D2304	thumb	task_poo_butterflyRight_2
0x080D2318	thumb	task_poo_butterflyLeft_1
0x080D2324	thumb	task_poo_butterflyLeft_2
0x080D2334	thumb	task_poo_mapbee_0
0x080D23AC	thumb	task_poo_mapbee_1
0x080D2404	thumb	task_poo_mapbee_2
0x080D2494	thumb	task_poo_mapbee_3
0x080D24BC	thumb	task_poo_mapbeeborn_0
0x080D2518	thumb	task_poo_mapbeeborn_1
0x080D2578	thumb	task_poo_mapbeeborn_2
0x080D260C	thumb	task_poo_mapbeeborn_3
0x080D2630	thumb	task_poo_mapbutterfly_0
0x080D2690	thumb	task_poo_mapbutterfly_1
0x080D26B8	thumb	task_poo_mapbutterfly_2
0x080D2744	thumb	task_poo_mapbutterfly_3
0x080D275C	thumb	task_poo_mapbutterflyborn_0
0x080D27B8	thumb	task_poo_mapbutterflyborn_1
0x080D2818	thumb	task_poo_mapbutterflyborn_2
0x080D28AC	thumb	task_poo_mapbutterflyborn_3
0x080D28D0	thumb	task_poo_rabbitAfterEvent_0
0x080D2968	thumb	task_poo_rabbitAfterEvent_1
0x080D2994	thumb	task_poo_rabbitAfterEvent_2
0x080D2AA4	thumb	task_poo_rabbitAfterEvent_3
0x080D2AD0	thumb	task_poo_cabbageAfterEvent_0
0x080D2B08	thumb	task_poo_cabbageAfterEvent_1
0x080D2B10	thumb	task_poo_cabbageAfterEvent_2
0x080D2BC4	thumb	task_poo_cabbageAfterEvent_3
0x080D31C4	thumb	mode_allmap_0
0x080D33A0	thumb	mode_allmap_1
0x080D34AC	thumb	mode_allmap_2
0x080D37EC	thumb	task_allmap_room_0
0x080D38B0	thumb	task_allmap_room_1
0x080D38B4	thumb	task_allmap_room_2
0x080D39F4	thumb	task_allmap_room_3
0x080D3B1C	thumb	task_allmap_cursor_0
0x080D3BC8	thumb	task_allmap_cursor_1
0x080D3CC0	thumb	task_allmap_cursor_2
0x080D3D28	thumb	task_allmap_cursor_3
0x080D3E14	thumb	task_allmap_roomname_0
0x080D3E84	thumb	task_allmap_roomname_1
0x080D3E88	thumb	task_allmap_roomname_2
0x080D3EB8	thumb	task_allmap_roomname_3
0x080D3F60	thumb	task_allmap_bar_0
0x080D3FE8	thumb	task_allmap_bar_1
0x080D418C	thumb	task_allmap_bar_2
0x080D4210	thumb	task_allmap_bar_3
0x080D469C	thumb	task_allmap_doorinfo_0
0x080D4794	thumb	task_allmap_doorinfo_1
0x080D4A68	thumb	task_allmap_doorinfo_2
0x080D4AAC	thumb	task_allmap_doorinfo_3
0x080D4BB8	thumb	task_allmap_pusha_0
0x080D4C28	thumb	task_allmap_pusha_1
0x080D4C88	thumb	task_allmap_pusha_2
0x080D4CF8	thumb	task_allmap_pusha_3
0x080D5B70	thumb	mode_title_0
0x080D5D40	thumb	mode_title_1
0x080D622C	thumb	mode_title_2
0x080D63EC	thumb	task_title_logo_0
0x080D63F8	thumb	task_title_logo_1
0x080D6438	thumb	task_title_logo_2
0x080D651C	thumb	task_title_logo_3
0x080D6580	thumb	task_title_obj_0
0x080D669C	thumb	task_title_obj_1
0x080D66FC	thumb	task_title_obj_2
0x080D6764	thumb	task_title_obj_3
0x080D679C	thumb	task_title_menu_0
0x080D6A28	thumb	task_title_menu_1
0x080D6DB0	thumb	task_title_menu_2
0x080D6E40	thumb	task_title_menu_3
0x080D6E80	thumb	task_title_lumichange_0
0x080D6ED4	thumb	task_title_lumichange_1
0x080D6F78	thumb	task_title_lumichange_2
0x080D6FFC	thumb	task_title_lumichange_3
0x080D7014	thumb	mode_copyright1_0
0x080D7160	thumb	mode_copyright1_1
0x080D71D4	thumb	mode_copyright1_2
0x080D71D8	thumb	mode_copyright2_0
0x080D724C	thumb	mode_copyright2_1
0x080D7288	thumb	mode_copyright2_2
0x080D7410	thumb	mode_status_0
0x080D7510	thumb	mode_status_1
0x080D7558	thumb	mode_status_2
0x080D7574	thumb	task_status_0
0x080D7848	thumb	task_status_1
0x080D7878	thumb	task_status_2
0x080D7884	thumb	task_status_3
0x080D7910	thumb	task_status_bar_0
0x080D7974	thumb	task_status_bar_1
0x080D7AFC	thumb	task_status_bar_2
0x080D7B7C	thumb	task_status_bar_3
0x080D7BA8	thumb	task_status_tab_0
0x080D7C24	thumb	task_status_tab_1
0x080D7C48	thumb	task_status_tab_2
0x080D7C8C	thumb	task_status_tab_3
0x080D7CB0	thumb	task_status_sora_0
0x080D7D58	thumb	task_status_sora_1
0x080D7D6C	thumb	task_status_sora_2
0x080D7DB0	thumb	task_status_sora_3
0x080D7DC8	thumb	task_status_deckname_0
0x080D7E04	thumb	task_status_deckname_1
0x080D7E08	thumb	task_status_deckname_2
0x080D7E34	thumb	task_status_deckname_3
0x080D7E4C	thumb	task_status_cursor_0
0x080D7F48	thumb	task_status_cursor_1
0x080D7FD8	thumb	task_status_cursor_2
0x080D8058	thumb	task_status_cursor_3
0x080D807C	thumb	task_status_stocklist_0
0x080D8190	thumb	task_status_stocklist_1
0x080D81C4	thumb	task_status_stocklist_2
0x080D8288	thumb	task_status_stocklist_3
0x080D8890	thumb	task_status_scrollcursor_0
0x080D88D4	thumb	task_status_scrollcursor_1
0x080D88E8	thumb	task_status_scrollcursor_2
0x080D8920	thumb	task_status_scrollcursor_3
0x080D8938	thumb	task_status_meswindow_0
0x080D8958	thumb	task_status_meswindow_1
0x080D89D0	thumb	task_status_meswindow_2
0x080D89F8	thumb	task_status_meswindow_3
0x080D8A04	thumb	task_status_message_0
0x080D8A48	thumb	task_status_message_1
0x080D8A4C	thumb	task_status_message_2
0x080D8A88	thumb	task_status_message_3
0x080D8AC8	thumb	task_status_friend_0
0x080D8AE0	thumb	task_status_friend_1
0x080D8AE4	thumb	task_status_friend_2
0x080D8B54	thumb	task_status_friend_3
0x080D9B90	thumb	task_bos_boogie_dice_0
0x080D9D20	thumb	task_bos_boogie_dice_1
0x080DA2EC	thumb	task_bos_boogie_dice_2
0x080DA3C4	thumb	task_bos_boogie_dice_3
0x080DA508	thumb	task_bos_boogie_explosiondice_0
0x080DA5F8	thumb	task_bos_boogie_explosiondice_1
0x080DA678	thumb	task_bos_boogie_explosiondice_2
0x080DA710	thumb	task_bos_boogie_explosiondice_3
0x080DA75C	thumb	task_bos_boogie_saku_0
0x080DA7C0	thumb	task_bos_boogie_saku_1
0x080DA9C8	thumb	task_bos_boogie_saku_2
0x080DAA08	thumb	task_bos_boogie_saku_3
0x080DAA28	thumb	task_bos_boogie_map_0
0x080DAA9C	thumb	task_bos_boogie_map_1
0x080DAB84	thumb	task_bos_boogie_mapanime_0
0x080DABB4	thumb	task_bos_boogie_mapanime_1
0x080DABF4	thumb	task_bos_boogie_mapanime_2
0x080DABF8	thumb	task_bos_boogie_mapanime_3
0x080DAC60	thumb	task_bos_boogie_disk_0
0x080DADF4	thumb	task_bos_boogie_disk_1
0x080DAF8C	thumb	task_bos_boogie_disk_2
0x080DB020	thumb	task_bos_boogie_disk_3
0x080DB0DC	thumb	task_bos_boogie_knife_0
0x080DB210	thumb	task_bos_boogie_knife_1
0x080DB314	thumb	task_bos_boogie_knife_2
0x080DB404	thumb	task_bos_boogie_knife_3
0x080DB510	thumb	task_bos_boogie_knifereader_0
0x080DB578	thumb	task_bos_boogie_knifereader_1
0x080DB684	thumb	task_bos_boogie_knifereader_2
0x080DB690	thumb	task_bos_boogie_knifereader_3
0x080DB6A8	thumb	task_bos_boogie_kaihuku_0
0x080DB758	thumb	task_bos_boogie_kaihuku_1
0x080DB8D4	thumb	task_bos_boogie_kaihuku_2
0x080DB954	thumb	task_bos_boogie_kaihuku_3
0x080DC640	thumb	task_bos_ursula_map_0
0x080DC72C	thumb	task_bos_ursula_map_1
0x080DC8D4	thumb	task_bos_ursula_map_3
0x080DC8D8	thumb	task_bos_ursula_border_0
0x080DC910	thumb	task_bos_ursula_border_1
0x080DC914	thumb	task_bos_ursula_border_2
0x080DC9C4	thumb	task_bos_ursula_border_3
0x080DCA98	thumb	task_bos_ursula_tako_0
0x080DCBD4	thumb	task_bos_ursula_tako_1
0x080DD148	thumb	task_bos_ursula_tako_2
0x080DD1C4	thumb	task_bos_ursula_tako_3
0x080DD2DC	thumb	task_bos_ursula_backtako_0
0x080DD3A8	thumb	task_bos_ursula_backtako_1
0x080DD408	thumb	task_bos_ursula_backtako_2
0x080DD4AC	thumb	task_bos_ursula_backtako_3
0x080DD4C4	thumb	task_bos_ursula_mapanime_0
0x080DD4F0	thumb	task_bos_ursula_mapanime_1
0x080DD684	thumb	task_bos_ursula_mapanime_2
0x080DD690	thumb	task_bos_ursula_mapanime_3
0x080DD8FC	thumb	task_bos_ursula_bubble_0
0x080DD958	thumb	task_bos_ursula_bubble_1
0x080DD998	thumb	task_bos_ursula_bubble_2
0x080DD9A4	thumb	task_bos_ursula_bubble_3
0x080DD9E8	thumb	task_bos_ursula_bubble_single_0
0x080DDAA4	thumb	task_bos_ursula_bubble_single_1
0x080DDC84	thumb	task_bos_ursula_bubble_single_2
0x080DDD0C	thumb	task_bos_ursula_bubble_single_3
0x080DDD74	thumb	task_bos_ursula_thunder_0
0x080DDDA4	thumb	task_bos_ursula_thunder_1
0x080DDDD4	thumb	task_bos_ursula_thunder_2
0x080DDDD8	thumb	task_bos_ursula_thunder_3
0x080F7BF8	thumb	task_room_name_0
0x080F7C8C	thumb	task_room_name_1
0x080F7D44	thumb	task_room_name_2
0x080F7DB0	thumb	task_room_name_3
0x080FB608	thumb	task_bos_ga_0
0x080FB718	thumb	task_bos_ga_1
0x080FB86C	thumb	task_bos_ga_2
0x080FB890	thumb	task_bos_ga_3
0x080FC444	thumb	task_bos_md_0
0x080FC6D4	thumb	task_bos_md_1
0x080FC8B0	thumb	task_bos_md_2
0x080FCA28	thumb	task_bos_md_3
0x080FCABC	thumb	task_bos_md_map_0
0x080FCB30	thumb	task_bos_md_map_1
0x080FD154	thumb	task_bos_md_fire_0
0x080FD2C8	thumb	task_bos_md_fire_1
0x080FD314	thumb	task_bos_md_fire_2
0x080FD3F0	thumb	task_bos_md_fire_3
0x080FD41C	thumb	task_bos_md_dai_0
0x080FD4BC	thumb	task_bos_md_dai_1
0x080FD698	thumb	task_bos_md_dai_2
0x080FD7F0	thumb	task_bos_md_dai_3
0x080FD824	thumb	task_bos_md_hahen_0
0x080FD8D4	thumb	task_bos_md_hahen_1
0x080FD930	thumb	task_bos_md_hahen_2
0x080FD9A0	thumb	task_bos_md_hahen_3
0x080FFC0C	thumb	mode_worldinspect_0
0x081002B8	thumb	mode_worldinspect_1
0x08100448	thumb	mode_worldinspect_2
0x08100C7C	thumb	mode_worldwarp_0
0x081012FC	thumb	mode_worldwarp_1
0x08101474	thumb	mode_worldwarp_2
0x08101C48	thumb	mode_ms_top_0
0x08101FF4	thumb	mode_ms_top_1
0x08102500	thumb	mode_ms_top_2
0x081068E0	thumb	mode_ms_charge_0
0x08106E30	thumb	mode_ms_charge_1
0x08106F90	thumb	mode_ms_charge_2
0x08108CE8	thumb	mode_mapinspect_0
0x081091CC	thumb	mode_mapinspect_1
0x08109378	thumb	mode_mapinspect_2
0x0810951C	thumb	task_ms_shop_hosi_0
0x08109590	thumb	task_ms_shop_hosi_1
0x081095CC	thumb	task_ms_shop_hosi_2
0x08109614	thumb	task_ms_shop_hosi_3
0x08109644	thumb	mode_backupstat_0
0x08109958	thumb	mode_backupstat_1
0x08109AA0	thumb	mode_backupstat_2
0x0810A580	thumb	task_bos_pc_0
0x0810B080	thumb	task_bos_pc_1
0x0810B2E8	thumb	task_bos_pc_2
0x0810B2FC	thumb	task_bos_pc_3
0x0810B524	thumb	task_bos_pc_fld_0
0x0810B5D8	thumb	task_bos_pc_fld_1
0x0810B6FC	thumb	task_bos_pc_fld_2
0x0810B7AC	thumb	task_bos_pc_fld_3
0x0810BD1C	thumb	task_bos_pc_flt_0
0x0810BDCC	thumb	task_bos_pc_flt_1
0x0810BE30	thumb	task_bos_pc_flt_2
0x0810BEF8	thumb	task_bos_pc_flt_3
0x0810BF2C	thumb	task_bos_pc_acd_0
0x0810BFA0	thumb	task_bos_pc_acd_1
0x0810C03C	thumb	task_bos_pc_acd_2
0x0810C29C	thumb	task_bos_pc_acd_3
0x0810FF7C	thumb	task_bos_lst_fld_0
0x081100C0	thumb	task_bos_lst_fld_1
0x08110648	thumb	task_bos_lst_fld_2
0x0811064C	thumb	task_bos_lst_fld_3
0x0811067C	thumb	task_bos_lst_edg_0
0x081106E0	thumb	task_bos_lst_edg_1
0x08110810	thumb	task_bos_lst_edg_2
0x08110884	thumb	task_bos_lst_edg_3
0x08110B40	thumb	task_bos_lst_bit_0
0x08110D10	thumb	task_bos_lst_bit_1
0x0811145C	thumb	task_bos_lst_bit_2
0x08111534	thumb	task_bos_lst_bit_3
0x081116D0	thumb	task_bos_lst_lsr_0
0x08111728	thumb	task_bos_lst_lsr_1
0x08111870	thumb	task_bos_lst_lsr_2
0x081119E0	thumb	task_bos_lst_lsr_3
0x08111A1C	thumb	task_bos_lst_ptl_0
0x08111A7C	thumb	task_bos_lst_ptl_1
0x08111B54	thumb	task_bos_lst_ptl_2
0x08111BDC	thumb	task_bos_lst_ptl_3
0x08111C04	thumb	task_bos_lst_fal_0
0x08111E04	thumb	task_bos_lst_fal_1
0x08111E9C	thumb	task_bos_lst_fal_2
0x08111F14	thumb	task_bos_lst_fal_3
0x08111F98	thumb	task_bos_lst_ctr_0
0x08112010	thumb	task_bos_lst_ctr_1
0x081122F0	thumb	task_bos_lst_ctr_2
0x081123F8	thumb	task_bos_lst_ctr_3
0x08112420	thumb	task_bos_lst_snp_0
0x081124C4	thumb	task_bos_lst_snp_1
0x08112514	thumb	task_bos_lst_snp_2
0x0811259C	thumb	task_bos_lst_snp_3
0x08112B3C	thumb	mode_StaffRoll_0
0x08114324	thumb	mode_StaffRoll_1
0x08114714	thumb	mode_StaffRoll_2
0x08114758	thumb	task_sroll_a_name_0
0x08114874	thumb	task_sroll_a_name_1
0x081148D4	thumb	task_sroll_a_name_2
0x08114990	thumb	task_sroll_a_name_3
0x081149F4	thumb	task_sroll_b_char_0
0x08114A4C	thumb	task_sroll_b_char_1
0x08114B84	thumb	task_sroll_b_char_2
0x08114BFC	thumb	task_sroll_b_char_3
0x08114C24	thumb	task_sroll_b_logo_0
0x08114C98	thumb	task_sroll_b_logo_1
0x08114CC8	thumb	task_sroll_b_logo_2
0x08114D14	thumb	task_sroll_b_logo_3
0x08114F44	thumb	task_sroll_b_crtn_0
0x081150A8	thumb	task_sroll_b_crtn_1
0x08115124	thumb	task_sroll_b_crtn_2
0x08115160	thumb	task_sroll_b_crtn_3
0x08115180	thumb	task_sroll_c_char_0
0x08115224	thumb	task_sroll_c_char_1
0x08115244	thumb	task_sroll_c_char_2
0x08115284	thumb	task_sroll_c_char_3
0x081152A4	thumb	task_sroll_tmr_0
0x081152D4	thumb	task_sroll_tmr_1
0x08115314	thumb	task_sroll_tmr_2
0x08115484	thumb	task_sroll_tmr_3
0x0811F578	thumb	intr_manager_step
